old_hunk,oldf,hunk,comment,ids,repo,ghid,old,new,lang,patch_id,pr_number,pr_title,changed_files,target_file,num_code_hunks,pr_code_hunks,same_file_code_hunks,code_hunks_num_same_file
"@@ -273,6 +273,10 @@ class RootPathHandler(BaseTaskHistoryHandler):
     def get(self):
         self.redirect(""/static/visualiser/index.html"")
 
+    def head(self):","# -*- coding: utf-8 -*-
#
# Copyright 2012-2015 Spotify AB
#
# Licensed under the Apache License, Version 2.0 (the ""License"");
# you may not use this file except in compliance with the License.
# You may obtain a copy of the License at
#
# http://www.apache.org/licenses/LICENSE-2.0
#
# Unless required by applicable law or agreed to in writing, software
# distributed under the License is distributed on an ""AS IS"" BASIS,
# WITHOUT WARRANTIES OR CONDITIONS OF ANY KIND, either express or implied.
# See the License for the specific language governing permissions and
# limitations under the License.
#
""""""
Simple REST server that takes commands in a JSON payload
Interface to the :py:class:`~luigi.scheduler.Scheduler` class.
See :doc:`/central_scheduler` for more info.
""""""
#
# Description: Added codes for visualization of how long each task takes
# running-time until it reaches the next status (failed or done)
# At ""{base_url}/tasklist"", all completed(failed or done) tasks are shown.
# At ""{base_url}/tasklist"", a user can select one specific task to see
# how its running-time has changed over time.
# At ""{base_url}/tasklist/{task_name}"", it visualizes a multi-bar graph
# that represents the changes of the running-time for a selected task
# up to the next status (failed or done).
# This visualization let us know how the running-time of the specific task
# has changed over time.
#
# Copyright 2015 Naver Corp.
# Author Yeseul Park (yeseul.park@navercorp.com)
#

import atexit
import datetime
import json
import logging
import os
import signal
import sys
import time

import pkg_resources
import tornado.httpserver
import tornado.ioloop
import tornado.netutil
import tornado.web

from luigi import Config, parameter
from luigi.scheduler import Scheduler, RPC_METHODS

logger = logging.getLogger(""luigi.server"")


class cors(Config):
    enabled = parameter.BoolParameter(
        default=False,
        description='Enables CORS support.')
    allowed_origins = parameter.ListParameter(
        default=[],
        description='A list of allowed origins. Used only if `allow_any_origin` is false.')
    allow_any_origin = parameter.BoolParameter(
        default=False,
        description='Accepts requests from any origin.')
    allow_null_origin = parameter.BoolParameter(
        default=False,
        description='Allows the request to set `null` value of the `Origin` header.')
    max_age = parameter.IntParameter(
        default=86400,
        description='Content of `Access-Control-Max-Age`.')
    allowed_methods = parameter.Parameter(
        default='GET, OPTIONS',
        description='Content of `Access-Control-Allow-Methods`.')
    allowed_headers = parameter.Parameter(
        default='Accept, Content-Type, Origin',
        description='Content of `Access-Control-Allow-Headers`.')
    exposed_headers = parameter.Parameter(
        default='',
        description='Content of `Access-Control-Expose-Headers`.')
    allow_credentials = parameter.BoolParameter(
        default=False,
        description='Indicates that the actual request can include user credentials.')

    def __init__(self, *args, **kwargs):
        super(cors, self).__init__(*args, **kwargs)
        self.allowed_origins = set(i for i in self.allowed_origins if i not in ['*', 'null'])


class RPCHandler(tornado.web.RequestHandler):
    """"""
    Handle remote scheduling calls using rpc.RemoteSchedulerResponder.
    """"""

    def __init__(self, *args, **kwargs):
        super(RPCHandler, self).__init__(*args, **kwargs)
        self._cors_config = cors()

    def initialize(self, scheduler):
        self._scheduler = scheduler

    def options(self, *args):
        if self._cors_config.enabled:
            self._handle_cors_preflight()

        self.set_status(204)
        self.finish()

    def get(self, method):
        if method not in RPC_METHODS:
            self.send_error(404)
            return
        payload = self.get_argument('data', default=""{}"")
        arguments = json.loads(payload)

        if hasattr(self._scheduler, method):
            result = getattr(self._scheduler, method)(**arguments)

            if self._cors_config.enabled:
                self._handle_cors()

            self.write({""response"": result})  # wrap all json response in a dictionary
        else:
            self.send_error(404)

    post = get

    def _handle_cors_preflight(self):
        origin = self.request.headers.get('Origin')
        if not origin:
            return

        if origin == 'null':
            if self._cors_config.allow_null_origin:
                self.set_header('Access-Control-Allow-Origin', 'null')
                self._set_other_cors_headers()
        else:
            if self._cors_config.allow_any_origin:
                self.set_header('Access-Control-Allow-Origin', '*')
                self._set_other_cors_headers()
            elif origin in self._cors_config.allowed_origins:
                self.set_header('Access-Control-Allow-Origin', origin)
                self._set_other_cors_headers()

    def _handle_cors(self):
        origin = self.request.headers.get('Origin')
        if not origin:
            return

        if origin == 'null':
            if self._cors_config.allow_null_origin:
                self.set_header('Access-Control-Allow-Origin', 'null')
        else:
            if self._cors_config.allow_any_origin:
                self.set_header('Access-Control-Allow-Origin', '*')
            elif origin in self._cors_config.allowed_origins:
                self.set_header('Access-Control-Allow-Origin', origin)
                self.set_header('Vary', 'Origin')

    def _set_other_cors_headers(self):
        self.set_header('Access-Control-Max-Age', str(self._cors_config.max_age))
        self.set_header('Access-Control-Allow-Methods', self._cors_config.allowed_methods)
        self.set_header('Access-Control-Allow-Headers', self._cors_config.allowed_headers)
        if self._cors_config.allow_credentials:
            self.set_header('Access-Control-Allow-Credentials', 'true')
        if self._cors_config.exposed_headers:
            self.set_header('Access-Control-Expose-Headers', self._cors_config.exposed_headers)


class BaseTaskHistoryHandler(tornado.web.RequestHandler):
    def initialize(self, scheduler):
        self._scheduler = scheduler

    def get_template_path(self):
        return pkg_resources.resource_filename(__name__, 'templates')


class AllRunHandler(BaseTaskHistoryHandler):
    def get(self):
        all_tasks = self._scheduler.task_history.find_all_runs()
        tasknames = [task.name for task in all_tasks]
        # show all tasks with their name list to be selected
        # why all tasks? the duration of the event history of a selected task
        # can be more than 24 hours.
        self.render(""menu.html"", tasknames=tasknames)


class SelectedRunHandler(BaseTaskHistoryHandler):
    def get(self, name):
        statusResults = {}
        taskResults = []
        # get all tasks that has been updated
        all_tasks = self._scheduler.task_history.find_all_runs()
        # get events history for all tasks
        all_tasks_event_history = self._scheduler.task_history.find_all_events()

        # build the dictionary tasks with index: id, value: task_name
        tasks = {task.id: str(task.name) for task in all_tasks}

        for task in all_tasks_event_history:
            # if the name of user-selected task is in tasks, get its task_id
            if tasks.get(task.task_id) == str(name):
                status = str(task.event_name)
                if status not in statusResults:
                    statusResults[status] = []
                # append the id, task_id, ts, y with 0, next_process with null
                # for the status(running/failed/done) of the selected task
                statusResults[status].append(({
                                                  'id': str(task.id), 'task_id': str(task.task_id),
                                                  'x': from_utc(str(task.ts)), 'y': 0, 'next_process': ''}))
                # append the id, task_name, task_id, status, datetime, timestamp
                # for the selected task
                taskResults.append({
                    'id': str(task.id), 'taskName': str(name), 'task_id': str(task.task_id),
                    'status': str(task.event_name), 'datetime': str(task.ts),
                    'timestamp': from_utc(str(task.ts))})
        statusResults = json.dumps(statusResults)
        taskResults = json.dumps(taskResults)
        statusResults = tornado.escape.xhtml_unescape(str(statusResults))
        taskResults = tornado.escape.xhtml_unescape(str(taskResults))
        self.render('history.html', name=name, statusResults=statusResults, taskResults=taskResults)


def from_utc(utcTime, fmt=None):
    """"""convert UTC time string to time.struct_time: change datetime.datetime to time, return time.struct_time type""""""
    if fmt is None:
        try_formats = [""%Y-%m-%d %H:%M:%S.%f"", ""%Y-%m-%d %H:%M:%S""]
    else:
        try_formats = [fmt]

    for fmt in try_formats:
        try:
            time_struct = datetime.datetime.strptime(utcTime, fmt)
        except ValueError:
            pass
        else:
            date = int(time.mktime(time_struct.timetuple()))
            return date
    else:
        raise ValueError(""No UTC format matches {}"".format(utcTime))


class RecentRunHandler(BaseTaskHistoryHandler):
    def get(self):
        tasks = self._scheduler.task_history.find_latest_runs()
        self.render(""recent.html"", tasks=tasks)


class ByNameHandler(BaseTaskHistoryHandler):
    def get(self, name):
        tasks = self._scheduler.task_history.find_all_by_name(name)
        self.render(""recent.html"", tasks=tasks)


class ByIdHandler(BaseTaskHistoryHandler):
    def get(self, id):
        task = self._scheduler.task_history.find_task_by_id(id)
        self.render(""show.html"", task=task)


class ByParamsHandler(BaseTaskHistoryHandler):
    def get(self, name):
        payload = self.get_argument('data', default=""{}"")
        arguments = json.loads(payload)
        tasks = self._scheduler.task_history.find_all_by_parameters(name, session=None, **arguments)
        self.render(""recent.html"", tasks=tasks)


class RootPathHandler(BaseTaskHistoryHandler):
    def get(self):
        self.redirect(""/static/visualiser/index.html"")

    def head(self):
        self.set_status(204)
        self.finish()


class MetricsHandler(tornado.web.RequestHandler):
    def initialize(self, scheduler):
        self._scheduler = scheduler

    def get(self):
        metrics_collector = self._scheduler._state._metrics_collector
        metrics = metrics_collector.generate_latest()
        if metrics:
            metrics_collector.configure_http_handler(self)
            self.write(metrics)


def app(scheduler):
    settings = {""static_path"": os.path.join(os.path.dirname(__file__), ""static""),
                ""unescape"": tornado.escape.xhtml_unescape,
                ""compress_response"": True,
                }
    handlers = [
        (r'/api/(.*)', RPCHandler, {""scheduler"": scheduler}),
        (r'/', RootPathHandler, {'scheduler': scheduler}),
        (r'/tasklist', AllRunHandler, {'scheduler': scheduler}),
        (r'/tasklist/(.*?)', SelectedRunHandler, {'scheduler': scheduler}),
        (r'/history', RecentRunHandler, {'scheduler': scheduler}),
        (r'/history/by_name/(.*?)', ByNameHandler, {'scheduler': scheduler}),
        (r'/history/by_id/(.*?)', ByIdHandler, {'scheduler': scheduler}),
        (r'/history/by_params/(.*?)', ByParamsHandler, {'scheduler': scheduler}),
        (r'/metrics', MetricsHandler, {'scheduler': scheduler})
    ]
    api_app = tornado.web.Application(handlers, **settings)
    return api_app


def _init_api(scheduler, api_port=None, address=None, unix_socket=None):
    api_app = app(scheduler)
    if unix_socket is not None:
        api_sockets = [tornado.netutil.bind_unix_socket(unix_socket)]
    else:
        api_sockets = tornado.netutil.bind_sockets(api_port, address=address)
    server = tornado.httpserver.HTTPServer(api_app)
    server.add_sockets(api_sockets)

    # Return the bound socket names.  Useful for connecting client in test scenarios.
    return [s.getsockname() for s in api_sockets]


def run(api_port=8082, address=None, unix_socket=None, scheduler=None):
    """"""
    Runs one instance of the API server.
    """"""
    if scheduler is None:
        scheduler = Scheduler()

    # load scheduler state
    scheduler.load()

    _init_api(
        scheduler=scheduler,
        api_port=api_port,
        address=address,
        unix_socket=unix_socket,
    )

    # prune work DAG every 60 seconds
    pruner = tornado.ioloop.PeriodicCallback(scheduler.prune, 60000)
    pruner.start()

    def shutdown_handler(signum, frame):
        exit_handler()
        sys.exit(0)

    @atexit.register
    def exit_handler():
        logger.info(""Scheduler instance shutting down"")
        scheduler.dump()
        stop()

    signal.signal(signal.SIGINT, shutdown_handler)
    signal.signal(signal.SIGTERM, shutdown_handler)
    if os.name == 'nt':
        signal.signal(signal.SIGBREAK, shutdown_handler)
    else:
        signal.signal(signal.SIGQUIT, shutdown_handler)

    logger.info(""Scheduler starting up"")

    tornado.ioloop.IOLoop.instance().start()


def stop():
    tornado.ioloop.IOLoop.instance().stop()


if __name__ == ""__main__"":
    run()
","@@ -274,6 +274,7 @@ class RootPathHandler(BaseTaskHistoryHandler):
         self.redirect(""/static/visualiser/index.html"")
 
     def head(self):
+        """"""HEAD endpoint for health checking the scheduler""""""
         self.set_status(204)
         self.finish()
 
","Is the name ""head"" a convention for health checking? Regardless it caught me by surprise, maybe add some docs to this function on why it exist? It should also say what 204.","[19459, 'f9d15209195d2cb49052b3662bbe21e387d1a0e3', '03f712cffab169e7b617425c22eb84d82c8f081c']",spotify/luigi,2789,"         self.redirect(""/static/visualiser/index.html"")
     def head(self):
         self.set_status(204)
         self.finish()","         self.redirect(""/static/visualiser/index.html"")
     def head(self):
+        """"""HEAD endpoint for health checking the scheduler""""""
         self.set_status(204)
         self.finish()",py,P000000,2789,Add HEAD endpoint to scheduler server for status/health checks,"['luigi/server.py', 'test/server_test.py']",luigi/server.py,2,"[{'filename': 'luigi/server.py', 'patch': '@@ -273,6 +273,11 @@ class RootPathHandler(BaseTaskHistoryHandler):\n     def get(self):\n         self.redirect(""/static/visualiser/index.html"")\n \n+    def head(self):\n+        """"""HEAD endpoint for health checking the scheduler""""""\n+        self.set_status(204)\n+        self.finish()\n+\n \n class MetricsHandler(tornado.web.RequestHandler):\n     def initialize(self, scheduler):'}, {'filename': 'test/server_test.py', 'patch': '@@ -283,6 +283,10 @@ def test_api_cors_headers_no_origin_header(self):\n \n         self.assertIsNone(headers.get(\'Access-Control-Allow-Origin\'))\n \n+    def test_api_allow_head_on_root(self):\n+        response = self.fetch(\'/\', method=\'HEAD\')\n+        self.assertEqual(response.code, 204)\n+\n \n class _ServerTest(unittest.TestCase):\n     """"""'}]","[{'filename': 'luigi/server.py', 'patch': '@@ -273,6 +273,11 @@ class RootPathHandler(BaseTaskHistoryHandler):\n     def get(self):\n         self.redirect(""/static/visualiser/index.html"")\n \n+    def head(self):\n+        """"""HEAD endpoint for health checking the scheduler""""""\n+        self.set_status(204)\n+        self.finish()\n+\n \n class MetricsHandler(tornado.web.RequestHandler):\n     def initialize(self, scheduler):'}]",1
"@@ -117,8 +117,7 @@ def main(args):
         backward_time.append(t2 - t1)
         print(""Epoch {:05d} | Train Forward Time(s) {:.4f} | Backward Time(s) {:.4f}"".
               format(epoch, forward_time[-1], backward_time[-1]))
-        train_acc = torch.sum(logits[train_idx].argmax(dim=1) == labels[train_idx]).item() / len(train_idx)
-        val_loss = F.cross_entropy(logits[val_idx], labels[val_idx])
+        cross_entropy(logits[val_idx], labels[val_idx])","""""""
Modeling Relational Data with Graph Convolutional Networks
Paper: https://arxiv.org/abs/1703.06103
Code: https://github.com/tkipf/relational-gcn

Difference compared to tkipf/relation-gcn
* l2norm applied to all weights
* remove nodes that won't be touched
""""""

import argparse
import numpy as np
import time
import torch
import torch.nn.functional as F
from dgl import DGLGraph
from dgl.nn.pytorch import RelGraphConv
from dgl.contrib.data import load_data
from functools import partial

from model import BaseRGCN

class EntityClassify(BaseRGCN):
    def create_features(self):
        features = torch.arange(self.num_nodes)
        if self.use_cuda:
            features = features.cuda()
        return features

    def build_input_layer(self):
        return RelGraphConv(self.num_nodes, self.h_dim, self.num_rels, ""basis"",
                self.num_bases, activation=F.relu, self_loop=self.use_self_loop,
                dropout=self.dropout)

    def build_hidden_layer(self, idx):
        return RelGraphConv(self.h_dim, self.h_dim, self.num_rels, ""basis"",
                self.num_bases, activation=F.relu, self_loop=self.use_self_loop,
                dropout=self.dropout)

    def build_output_layer(self):
        return RelGraphConv(self.h_dim, self.out_dim, self.num_rels, ""basis"",
                self.num_bases, activation=None,
                self_loop=self.use_self_loop)

def main(args):
    # load graph data
    data = load_data(args.dataset, bfs_level=args.bfs_level, relabel=args.relabel)
    num_nodes = data.num_nodes
    num_rels = data.num_rels
    num_classes = data.num_classes
    labels = data.labels
    train_idx = data.train_idx
    test_idx = data.test_idx

    # split dataset into train, validate, test
    if args.validation:
        val_idx = train_idx[:len(train_idx) // 5]
        train_idx = train_idx[len(train_idx) // 5:]
    else:
        val_idx = train_idx

    # since the nodes are featureless, the input feature is then the node id.
    feats = torch.arange(num_nodes)

    # edge type and normalization factor
    edge_type = torch.from_numpy(data.edge_type)
    edge_norm = torch.from_numpy(data.edge_norm).unsqueeze(1)
    labels = torch.from_numpy(labels).view(-1)

    # check cuda
    use_cuda = args.gpu >= 0 and torch.cuda.is_available()
    if use_cuda:
        torch.cuda.set_device(args.gpu)
        feats = feats.cuda()
        edge_type = edge_type.cuda()
        edge_norm = edge_norm.cuda()
        labels = labels.cuda()

    # create graph
    g = DGLGraph()
    g.add_nodes(num_nodes)
    g.add_edges(data.edge_src, data.edge_dst)

    # create model
    model = EntityClassify(len(g),
                           args.n_hidden,
                           num_classes,
                           num_rels,
                           num_bases=args.n_bases,
                           num_hidden_layers=args.n_layers - 2,
                           dropout=args.dropout,
                           use_self_loop=args.use_self_loop,
                           use_cuda=use_cuda)

    if use_cuda:
        model.cuda()

    # optimizer
    optimizer = torch.optim.Adam(model.parameters(), lr=args.lr, weight_decay=args.l2norm)

    # training loop
    print(""start training..."")
    forward_time = []
    backward_time = []
    model.train()
    for epoch in range(args.n_epochs):
        optimizer.zero_grad()
        t0 = time.time()
        logits = model(g, feats, edge_type, edge_norm)
        loss = F.cross_entropy(logits[train_idx], labels[train_idx])
        t1 = time.time()
        loss.backward()
        optimizer.step()
        t2 = time.time()

        forward_time.append(t1 - t0)
        backward_time.append(t2 - t1)
        print(""Epoch {:05d} | Train Forward Time(s) {:.4f} | Backward Time(s) {:.4f}"".
              format(epoch, forward_time[-1], backward_time[-1]))
        cross_entropy(logits[val_idx], labels[val_idx])
        val_acc = torch.sum(logits[val_idx].argmax(dim=1) == labels[val_idx]).item() / len(val_idx)
        print(""Train Accuracy: {:.4f} | Train Loss: {:.4f} | Validation Accuracy: {:.4f} | Validation loss: {:.4f}"".
              format(train_acc, loss.item(), val_acc, val_loss.item()))
    print()

    model.eval()
    logits = model.forward(g, feats, edge_type, edge_norm)
    test_loss = F.cross_entropy(logits[test_idx], labels[test_idx])
    test_acc = torch.sum(logits[test_idx].argmax(dim=1) == labels[test_idx]).item() / len(test_idx)
    print(""Test Accuracy: {:.4f} | Test loss: {:.4f}"".format(test_acc, test_loss.item()))
    print()

    print(""Mean forward time: {:4f}"".format(np.mean(forward_time[len(forward_time) // 4:])))
    print(""Mean backward time: {:4f}"".format(np.mean(backward_time[len(backward_time) // 4:])))


if __name__ == '__main__':
    parser = argparse.ArgumentParser(description='RGCN')
    parser.add_argument(""--dropout"", type=float, default=0,
            help=""dropout probability"")
    parser.add_argument(""--n-hidden"", type=int, default=16,
            help=""number of hidden units"")
    parser.add_argument(""--gpu"", type=int, default=-1,
            help=""gpu"")
    parser.add_argument(""--lr"", type=float, default=1e-2,
            help=""learning rate"")
    parser.add_argument(""--n-bases"", type=int, default=-1,
            help=""number of filter weight matrices, default: -1 [use all]"")
    parser.add_argument(""--n-layers"", type=int, default=2,
            help=""number of propagation rounds"")
    parser.add_argument(""-e"", ""--n-epochs"", type=int, default=50,
            help=""number of training epochs"")
    parser.add_argument(""-d"", ""--dataset"", type=str, required=True,
            help=""dataset to use"")
    parser.add_argument(""--l2norm"", type=float, default=0,
            help=""l2 norm coef"")
    parser.add_argument(""--relabel"", default=False, action='store_true',
            help=""remove untouched nodes and relabel"")
    parser.add_argument(""--use-self-loop"", default=False, action='store_true',
            help=""include self feature as a special relation"")
    fp = parser.add_mutually_exclusive_group(required=False)
    fp.add_argument('--validation', dest='validation', action='store_true')
    fp.add_argument('--testing', dest='validation', action='store_false')
    parser.set_defaults(validation=True)

    args = parser.parse_args()
    print(args)
    args.bfs_level = args.n_layers + 1 # pruning used nodes for memory
    main(args)
","@@ -117,7 +117,8 @@ def main(args):
         backward_time.append(t2 - t1)
         print(""Epoch {:05d} | Train Forward Time(s) {:.4f} | Backward Time(s) {:.4f}"".
               format(epoch, forward_time[-1], backward_time[-1]))
-        cross_entropy(logits[val_idx], labels[val_idx])
+        train_acc = torch.sum(logits[train_idx].argmax(dim=1) == labels[train_idx]).item() / len(train_idx)
+        val_loss = F.cross_entropy(logits[val_idx], labels[val_idx])
         val_acc = torch.sum(logits[val_idx].argmax(dim=1) == labels[val_idx]).item() / len(val_idx)
         print(""Train Accuracy: {:.4f} | Train Loss: {:.4f} | Validation Accuracy: {:.4f} | Validation loss: {:.4f}"".
               format(train_acc, loss.item(), val_acc, val_loss.item()))
","`F.cross_entropy`? Also, isn't `tran_acc` required in L123?","[36336, '3fe1aee96f1f3dd5359b6bf65f387f8e45c6a0f5', 'b01a06e4344d8b55986c4a90b5cb5aabb3e6c560']",dmlc/dgl,1217,"         backward_time.append(t2 - t1)
         print(""Epoch {:05d} | Train Forward Time(s) {:.4f} | Backward Time(s) {:.4f}"".
               format(epoch, forward_time[-1], backward_time[-1]))
-        cross_entropy(logits[val_idx], labels[val_idx])
         val_acc = torch.sum(logits[val_idx].argmax(dim=1) == labels[val_idx]).item() / len(val_idx)
         print(""Train Accuracy: {:.4f} | Train Loss: {:.4f} | Validation Accuracy: {:.4f} | Validation loss: {:.4f}"".
               format(train_acc, loss.item(), val_acc, val_loss.item()))","         backward_time.append(t2 - t1)
         print(""Epoch {:05d} | Train Forward Time(s) {:.4f} | Backward Time(s) {:.4f}"".
               format(epoch, forward_time[-1], backward_time[-1]))
+        train_acc = torch.sum(logits[train_idx].argmax(dim=1) == labels[train_idx]).item() / len(train_idx)
+        val_loss = F.cross_entropy(logits[val_idx], labels[val_idx])
         val_acc = torch.sum(logits[val_idx].argmax(dim=1) == labels[val_idx]).item() / len(val_idx)
         print(""Train Accuracy: {:.4f} | Train Loss: {:.4f} | Validation Accuracy: {:.4f} | Validation loss: {:.4f}"".
               format(train_acc, loss.item(), val_acc, val_loss.item()))",py,P000001,1217,[Bugfix] Correct the loss function in RGCN model,"['examples/mxnet/rgcn/entity_classify.py', 'examples/pytorch/rgcn-hetero/entity_classify.py', 'examples/pytorch/rgcn/entity_classify.py']",examples/mxnet/rgcn/entity_classify.py,3,"[{'filename': 'examples/mxnet/rgcn/entity_classify.py', 'patch': '@@ -34,7 +34,7 @@ def build_hidden_layer(self, idx):\n \n     def build_output_layer(self):\n         return RelGraphConv(self.h_dim, self.out_dim, self.num_rels, ""basis"",\n-                self.num_bases, activation=partial(F.softmax, axis=1),\n+                self.num_bases, activation=None,\n                 self_loop=self.use_self_loop)\n \n def main(args):'}, {'filename': 'examples/pytorch/rgcn-hetero/entity_classify.py', 'patch': '@@ -239,7 +239,7 @@ def __init__(self,\n         # h2o\n         self.layers.append(RelGraphConvHetero(\n             self.h_dim, self.out_dim, self.rel_names, ""basis"",\n-            self.num_bases, activation=partial(F.softmax, dim=1),\n+            self.num_bases, activation=None,\n             self_loop=self.use_self_loop))\n \n     def forward(self):'}, {'filename': 'examples/pytorch/rgcn/entity_classify.py', 'patch': '@@ -39,7 +39,7 @@ def build_hidden_layer(self, idx):\n \n     def build_output_layer(self):\n         return RelGraphConv(self.h_dim, self.out_dim, self.num_rels, ""basis"",\n-                self.num_bases, activation=partial(F.softmax, dim=1),\n+                self.num_bases, activation=None,\n                 self_loop=self.use_self_loop)\n \n def main(args):'}]","[{'filename': 'examples/mxnet/rgcn/entity_classify.py', 'patch': '@@ -34,7 +34,7 @@ def build_hidden_layer(self, idx):\n \n     def build_output_layer(self):\n         return RelGraphConv(self.h_dim, self.out_dim, self.num_rels, ""basis"",\n-                self.num_bases, activation=partial(F.softmax, axis=1),\n+                self.num_bases, activation=None,\n                 self_loop=self.use_self_loop)\n \n def main(args):'}]",1
"@@ -48,15 +48,20 @@ class ConsoleLineEdit(miscwidgets.CommandLineEdit):
 
     execute = pyqtSignal(str)
 
+    STYLESHEET = """"""
+        ConsoleLineEdit {
+            font: {{ conf.fonts.debug_console }};
+        }
+    """"""","# vim: ft=python fileencoding=utf-8 sts=4 sw=4 et:

# Copyright 2014-2020 Florian Bruhin (The Compiler) <mail@qutebrowser.org>
#
# This file is part of qutebrowser.
#
# qutebrowser is free software: you can redistribute it and/or modify
# it under the terms of the GNU General Public License as published by
# the Free Software Foundation, either version 3 of the License, or
# (at your option) any later version.
#
# qutebrowser is distributed in the hope that it will be useful,
# but WITHOUT ANY WARRANTY; without even the implied warranty of
# MERCHANTABILITY or FITNESS FOR A PARTICULAR PURPOSE.  See the
# GNU General Public License for more details.
#
# You should have received a copy of the GNU General Public License
# along with qutebrowser.  If not, see <http://www.gnu.org/licenses/>.

""""""Debugging console.""""""

import sys
import code
import typing

from PyQt5.QtCore import pyqtSignal, pyqtSlot, Qt
from PyQt5.QtWidgets import QTextEdit, QWidget, QVBoxLayout, QApplication
from PyQt5.QtGui import QTextCursor

from qutebrowser.config import stylesheet
from qutebrowser.misc import cmdhistory, miscwidgets
from qutebrowser.utils import utils, objreg


console_widget = None


class ConsoleLineEdit(miscwidgets.CommandLineEdit):

    """"""A QLineEdit which executes entered code and provides a history.

    Attributes:
        _history: The command history of executed commands.

    Signals:
        execute: Emitted when a commandline should be executed.
    """"""

    execute = pyqtSignal(str)

    STYLESHEET = """"""
        ConsoleLineEdit {
            font: {{ conf.fonts.debug_console }};
        }
    """"""

    def __init__(self, _namespace, parent):
        """"""Constructor.

        Args:
            _namespace: The local namespace of the interpreter.
        """"""
        super().__init__(parent=parent)
        stylesheet.set_register(self)
        self._history = cmdhistory.History(parent=self)
        self.returnPressed.connect(self.on_return_pressed)

    @pyqtSlot()
    def on_return_pressed(self):
        """"""Execute the line of code which was entered.""""""
        self._history.stop()
        text = self.text()
        if text:
            self._history.append(text)
        self.execute.emit(text)
        self.setText('')

    def history_prev(self):
        """"""Go back in the history.""""""
        try:
            if not self._history.is_browsing():
                item = self._history.start(self.text().strip())
            else:
                item = self._history.previtem()
        except (cmdhistory.HistoryEmptyError,
                cmdhistory.HistoryEndReachedError):
            return
        self.setText(item)

    def history_next(self):
        """"""Go forward in the history.""""""
        if not self._history.is_browsing():
            return
        try:
            item = self._history.nextitem()
        except cmdhistory.HistoryEndReachedError:
            return
        self.setText(item)

    def keyPressEvent(self, e):
        """"""Override keyPressEvent to handle special keypresses.""""""
        if e.key() == Qt.Key_Up:
            self.history_prev()
            e.accept()
        elif e.key() == Qt.Key_Down:
            self.history_next()
            e.accept()
        elif e.modifiers() & Qt.ControlModifier and e.key() == Qt.Key_C:
            self.setText('')
            e.accept()
        else:
            super().keyPressEvent(e)


class ConsoleTextEdit(QTextEdit):

    """"""Custom QTextEdit for console output.""""""

    STYLESHEET = """"""
        ConsoleTextEdit {
            font: {{ conf.fonts.debug_console }};
        }
    """"""

    def __init__(self, parent=None):
        super().__init__(parent)
        self.setAcceptRichText(False)
        self.setReadOnly(True)
        stylesheet.set_register(self)
        self.setFocusPolicy(Qt.ClickFocus)

    def __repr__(self):
        return utils.get_repr(self)

    def append_text(self, text):
        """"""Append new text and scroll output to bottom.

        We can't use Qt's way to append stuff because that inserts weird
        newlines.
        """"""
        self.moveCursor(QTextCursor.End)
        self.insertPlainText(text)
        scrollbar = self.verticalScrollBar()
        scrollbar.setValue(scrollbar.maximum())


class ConsoleWidget(QWidget):

    """"""A widget with an interactive Python console.

    Attributes:
        _lineedit: The line edit in the console.
        _output: The output widget in the console.
        _vbox: The layout which contains everything.
        _more: A flag which is set when more input is expected.
        _buffer: The buffer for multi-line commands.
        _interpreter: The InteractiveInterpreter to execute code with.
    """"""

    def __init__(self, parent=None):
        super().__init__(parent)
        if not hasattr(sys, 'ps1'):
            sys.ps1 = '>>> '
        if not hasattr(sys, 'ps2'):
            sys.ps2 = '... '
        namespace = {
            '__name__': '__console__',
            '__doc__': None,
            'q_app': QApplication.instance(),
            # We use parent as self here because the user ""feels"" the whole
            # console, not just the line edit.
            'self': parent,
            'objreg': objreg,
        }
        self._more = False
        self._buffer = []  # type: typing.MutableSequence[str]
        self._lineedit = ConsoleLineEdit(namespace, self)
        self._lineedit.execute.connect(self.push)
        self._output = ConsoleTextEdit()
        self.write(self._curprompt())
        self._vbox = QVBoxLayout()
        self._vbox.setSpacing(0)
        self._vbox.addWidget(self._output)
        self._vbox.addWidget(self._lineedit)
        self.setLayout(self._vbox)
        self._lineedit.setFocus()
        self._interpreter = code.InteractiveInterpreter(namespace)

    def __repr__(self):
        return utils.get_repr(self, visible=self.isVisible())

    def write(self, line):
        """"""Write a line of text (without added newline) to the output.""""""
        self._output.append_text(line)

    @pyqtSlot(str)
    def push(self, line):
        """"""Push a line to the interpreter.""""""
        self._buffer.append(line)
        source = '\n'.join(self._buffer)
        self.write(line + '\n')
        # We do two special things with the context managers here:
        #   - We replace stdout/stderr to capture output. Even if we could
        #     override InteractiveInterpreter's write method, most things are
        #     printed elsewhere (e.g. by exec). Other Python GUI shells do the
        #     same.
        #   - We disable our exception hook, so exceptions from the console get
        #     printed and don't open a crashdialog.
        with utils.fake_io(self.write), utils.disabled_excepthook():
            self._more = self._interpreter.runsource(source, '<console>')
        self.write(self._curprompt())
        if not self._more:
            self._buffer = []

    def _curprompt(self):
        """"""Get the prompt which is visible currently.""""""
        return sys.ps2 if self._more else sys.ps1


def init():
    """"""Initialize a global console.""""""
    global console_widget
    console_widget = ConsoleWidget()
","@@ -48,12 +48,6 @@ class ConsoleLineEdit(miscwidgets.CommandLineEdit):
 
     execute = pyqtSignal(str)
 
-    STYLESHEET = """"""
-        ConsoleLineEdit {
-            font: {{ conf.fonts.debug_console }};
-        }
-    """"""
-
     def __init__(self, _namespace, parent):
         """"""Constructor.
 
","Couldn't you move the stylesheet to `ConsoleWidget` with a `ConsoleLineEdit, ConsoleTextEdit` selector so that it applies to both without needing to duplicate it?","[25004, '29887dfc607c94dcaad268f5b64de99e01a76afe', '2af00b6bf2d0cbd867867dcadde4a815823d1acc']",qutebrowser/qutebrowser,5515,"     execute = pyqtSignal(str)
-    STYLESHEET = """"""
-        ConsoleLineEdit {
-            font: {{ conf.fonts.debug_console }};
-        }
-    """"""
-
     def __init__(self, _namespace, parent):
         """"""Constructor.","     execute = pyqtSignal(str)
     def __init__(self, _namespace, parent):
         """"""Constructor.",py,P000002,5515,Remove QtFont as a config type,"['doc/help/settings.asciidoc', 'qutebrowser/config/configdata.yml', 'qutebrowser/config/configtypes.py', 'qutebrowser/misc/consolewidget.py', 'tests/unit/config/test_configfiles.py', 'tests/unit/config/test_configinit.py', 'tests/unit/config/test_configtypes.py', 'tests/unit/scripts/test_run_vulture.py']",qutebrowser/misc/consolewidget.py,8,"[{'filename': 'doc/help/settings.asciidoc', 'patch': '@@ -2700,7 +2700,7 @@ Default: empty\n === fonts.debug_console\n Font used for the debugging console.\n \n-Type: <<types,QtFont>>\n+Type: <<types,Font>>\n \n Default: +pass:[default_size default_family]+\n \n@@ -4234,9 +4234,6 @@ A value can be in one of the following formats: * `#RGB`/`#RRGGBB`/`#RRRGGGBBB`/\n |QtColor|A color value.\n \n A value can be in one of the following formats: * `#RGB`/`#RRGGBB`/`#RRRGGGBBB`/`#RRRRGGGGBBBB` * An SVG color name as specified in http://www.w3.org/TR/SVG/types.html#ColorKeywords[the W3C specification]. * transparent (no color) * `rgb(r, g, b)` / `rgba(r, g, b, a)` (values 0-255 or percentages) * `hsv(h, s, v)` / `hsva(h, s, v, a)` (values 0-255, hue 0-359)\n-|QtFont|A font family, with optional style/weight/size.\n-\n-* Style: `normal`/`italic`/`oblique` * Weight: `normal`, `bold`, `100`..`900` * Size: _number_ `px`/`pt`\n |Regex|A regular expression.\n \n When setting from `config.py`, both a string or a `re.compile(...)` object are valid.'}, {'filename': 'qutebrowser/config/configdata.yml', 'patch': '@@ -2834,7 +2834,7 @@ fonts.contextmenu:\n \n fonts.debug_console:\n   default: default_size default_family\n-  type: QtFont\n+  type: Font\n   desc: Font used for the debugging console.\n \n fonts.downloads:'}, {'filename': 'qutebrowser/config/configtypes.py', 'patch': '@@ -56,7 +56,7 @@\n import attr\n import yaml\n from PyQt5.QtCore import QUrl, Qt\n-from PyQt5.QtGui import QColor, QFont, QFontDatabase\n+from PyQt5.QtGui import QColor, QFontDatabase\n from PyQt5.QtWidgets import QTabWidget, QTabBar, QApplication\n from PyQt5.QtNetwork import QNetworkProxy\n \n@@ -1157,7 +1157,7 @@ def to_py(self, value: _StrUnset) -> _StrUnsetNone:\n \n class FontBase(BaseType):\n \n-    """"""Base class for Font/QtFont/FontFamily.""""""\n+    """"""Base class for Font/FontFamily.""""""\n \n     # Gets set when the config is initialized.\n     default_family = None  # type: str\n@@ -1292,96 +1292,6 @@ def to_py(self, value: _StrUnset) -> _StrUnsetNone:\n         return value\n \n \n-class QtFont(FontBase):\n-\n-    """"""A Font which gets converted to a QFont.""""""\n-\n-    __doc__ = Font.__doc__  # for src2asciidoc.py\n-\n-    def _parse_families(self, family_str: str) -> configutils.FontFamilies:\n-        if family_str == \'default_family\' and self.default_family is not None:\n-            family_str = self.default_family\n-\n-        return configutils.FontFamilies.from_str(family_str)\n-\n-    def _set_style(self, font: QFont, match: typing.Match) -> None:\n-        style = match.group(\'style\')\n-        style_map = {\n-            \'normal\': QFont.StyleNormal,\n-            \'italic\': QFont.StyleItalic,\n-            \'oblique\': QFont.StyleOblique,\n-        }\n-        if style:\n-            font.setStyle(style_map[style])\n-        else:\n-            font.setStyle(QFont.StyleNormal)\n-\n-    def _set_weight(self, font: QFont, match: typing.Match) -> None:\n-        weight = match.group(\'weight\')\n-        namedweight = match.group(\'namedweight\')\n-        weight_map = {\n-            \'normal\': QFont.Normal,\n-            \'bold\': QFont.Bold,\n-        }\n-        if namedweight:\n-            font.setWeight(weight_map[namedweight])\n-        elif weight:\n-            # based on qcssparser.cpp:setFontWeightFromValue\n-            font.setWeight(min(int(weight) // 8, 99))\n-        else:\n-            font.setWeight(QFont.Normal)\n-\n-    def _set_size(self, font: QFont, match: typing.Match) -> None:\n-        size = match.group(\'size\')\n-        if size:\n-            if size == \'default_size\':\n-                size = self.default_size\n-\n-            if size is None:\n-                # initial validation before default_size is set up.\n-                pass\n-            elif size.lower().endswith(\'pt\'):\n-                font.setPointSizeF(float(size[:-2]))\n-            elif size.lower().endswith(\'px\'):\n-                font.setPixelSize(int(size[:-2]))\n-            else:\n-                # This should never happen as the regex only lets pt/px\n-                # through.\n-                raise ValueError(""Unexpected size unit in {!r}!"".format(\n-                    size))  # pragma: no cover\n-\n-    def _set_families(self, font: QFont, match: typing.Match) -> None:\n-        family_str = match.group(\'family\')\n-        families = self._parse_families(family_str)\n-        if hasattr(font, \'setFamilies\'):\n-            # Added in Qt 5.13\n-            font.setFamily(families.family)  # type: ignore[arg-type]\n-            font.setFamilies(list(families))\n-        else:  # pragma: no cover\n-            font.setFamily(families.to_str(quote=False))\n-\n-    def to_py(self, value: _StrUnset) -> typing.Union[_UnsetNone, QFont]:\n-        self._basic_py_validation(value, str)\n-        if isinstance(value, usertypes.Unset):\n-            return value\n-        elif not value:\n-            return None\n-\n-        match = self.font_regex.fullmatch(value)\n-        if not match:  # pragma: no cover\n-            # This should never happen, as the regex always matches everything\n-            # as family.\n-            raise configexc.ValidationError(value, ""must be a valid font"")\n-\n-        font = QFont()\n-        self._set_style(font, match)\n-        self._set_weight(font, match)\n-        self._set_size(font, match)\n-        self._set_families(font, match)\n-\n-        return font\n-\n-\n class Regex(BaseType):\n \n     """"""A regular expression.'}, {'filename': 'qutebrowser/misc/consolewidget.py', 'patch': '@@ -27,7 +27,7 @@\n from PyQt5.QtWidgets import QTextEdit, QWidget, QVBoxLayout, QApplication\n from PyQt5.QtGui import QTextCursor\n \n-from qutebrowser.config import config\n+from qutebrowser.config import stylesheet\n from qutebrowser.misc import cmdhistory, miscwidgets\n from qutebrowser.utils import utils, objreg\n \n@@ -55,8 +55,6 @@ def __init__(self, _namespace, parent):\n             _namespace: The local namespace of the interpreter.\n         """"""\n         super().__init__(parent=parent)\n-        self._update_font()\n-        config.instance.changed.connect(self._update_font)\n         self._history = cmdhistory.History(parent=self)\n         self.returnPressed.connect(self.on_return_pressed)\n \n@@ -106,11 +104,6 @@ def keyPressEvent(self, e):\n         else:\n             super().keyPressEvent(e)\n \n-    @config.change_filter(\'fonts.debug_console\')\n-    def _update_font(self):\n-        """"""Set the correct font.""""""\n-        self.setFont(config.val.fonts.debug_console)\n-\n \n class ConsoleTextEdit(QTextEdit):\n \n@@ -120,18 +113,11 @@ def __init__(self, parent=None):\n         super().__init__(parent)\n         self.setAcceptRichText(False)\n         self.setReadOnly(True)\n-        config.instance.changed.connect(self._update_font)\n-        self._update_font()\n         self.setFocusPolicy(Qt.ClickFocus)\n \n     def __repr__(self):\n         return utils.get_repr(self)\n \n-    @config.change_filter(\'fonts.debug_console\')\n-    def _update_font(self):\n-        """"""Update font when config changed.""""""\n-        self.setFont(config.val.fonts.debug_console)\n-\n     def append_text(self, text):\n         """"""Append new text and scroll output to bottom.\n \n@@ -157,6 +143,12 @@ class ConsoleWidget(QWidget):\n         _interpreter: The InteractiveInterpreter to execute code with.\n     """"""\n \n+    STYLESHEET = """"""\n+        ConsoleWidget > ConsoleTextEdit, ConsoleWidget > ConsoleLineEdit {\n+            font: {{ conf.fonts.debug_console }};\n+        }\n+    """"""\n+\n     def __init__(self, parent=None):\n         super().__init__(parent)\n         if not hasattr(sys, \'ps1\'):\n@@ -182,6 +174,7 @@ def __init__(self, parent=None):\n         self._vbox.setSpacing(0)\n         self._vbox.addWidget(self._output)\n         self._vbox.addWidget(self._lineedit)\n+        stylesheet.set_register(self)\n         self.setLayout(self._vbox)\n         self._lineedit.setFocus()\n         self._interpreter = code.InteractiveInterpreter(namespace)'}, {'filename': 'tests/unit/config/test_configfiles.py', 'patch': ""@@ -578,8 +578,6 @@ def test_font_default_family(self, yaml, autoconfig, old, new):\n     @pytest.mark.parametrize('setting, old, new', [\n         # Font\n         ('fonts.hints', '10pt monospace', '10pt default_family'),\n-        # QtFont\n-        ('fonts.debug_console', '10pt monospace', '10pt default_family'),\n         # String\n         ('content.headers.accept_language', 'x monospace', 'x monospace'),\n         # Not at end of string""}, {'filename': 'tests/unit/config/test_configinit.py', 'patch': '@@ -344,12 +344,10 @@ def test_late_init(self, init_patch, monkeypatch, fake_save_manager, args,\n         # fonts.default_family and font settings customized\n         # https://github.com/qutebrowser/qutebrowser/issues/3096\n         ([(\'fonts.default_family\', \'Comic Sans MS\'),\n-          (\'fonts.debug_console\', \'12pt default_family\'),\n           (\'fonts.keyhint\', \'12pt default_family\')], 12, \'Comic Sans MS\'),\n         # as above, but with default_size\n         ([(\'fonts.default_family\', \'Comic Sans MS\'),\n           (\'fonts.default_size\', \'23pt\'),\n-          (\'fonts.debug_console\', \'default_size default_family\'),\n           (\'fonts.keyhint\', \'default_size default_family\')],\n          23, \'Comic Sans MS\'),\n     ])\n@@ -381,10 +379,6 @@ def test_fonts_defaults_init(self, init_patch, args, config_tmpdir,\n         # Font\n         expected = \'{}pt ""{}""\'.format(size, family)\n         assert config.instance.get(\'fonts.keyhint\') == expected\n-        # QtFont\n-        font = config.instance.get(\'fonts.debug_console\')\n-        assert font.pointSize() == size\n-        assert font.family() == family\n \n     @pytest.fixture\n     def run_configinit(self, init_patch, fake_save_manager, args):\n@@ -405,10 +399,6 @@ def test_fonts_defaults_later(self, run_configinit):\n \n         assert \'fonts.keyhint\' in changed_options  # Font\n         assert config.instance.get(\'fonts.keyhint\') == \'23pt ""Comic Sans MS""\'\n-        assert \'fonts.debug_console\' in changed_options  # QtFont\n-        debug_console_font = config.instance.get(\'fonts.debug_console\')\n-        assert debug_console_font.family() == \'Comic Sans MS\'\n-        assert debug_console_font.pointSize() == 23\n \n         # Font subclass, but doesn\'t end with ""default_family""\n         assert \'fonts.web.family.standard\' not in changed_options'}, {'filename': 'tests/unit/config/test_configtypes.py', 'patch': '@@ -255,8 +255,8 @@ def test_from_str_hypothesis(self, klass, s):\n \n         # For some types, we don\'t actually get the internal (YAML-like) value\n         # back from from_str(), so we can\'t convert it back.\n-        if klass in [configtypes.FuzzyUrl, configtypes.QtFont,\n-                     configtypes.ShellCommand, configtypes.Url]:\n+        if klass in [configtypes.FuzzyUrl, configtypes.ShellCommand,\n+                     configtypes.Url]:\n             return\n \n         converted = typ.to_str(val)\n@@ -1381,8 +1381,6 @@ class FontDesc:\n \n class TestFont:\n \n-    """"""Test Font/QtFont.""""""\n-\n     TESTS = {\n         # (style, weight, pointsize, pixelsize, family\n         \'""Foobar Neue""\':\n@@ -1430,52 +1428,17 @@ class TestFont:\n \n     font_xfail = pytest.mark.xfail(reason=\'FIXME: #103\')\n \n-    @pytest.fixture(params=[configtypes.Font, configtypes.QtFont])\n-    def klass(self, request):\n-        return request.param\n-\n     @pytest.fixture\n-    def font_class(self):\n+    def klass(self):\n         return configtypes.Font\n \n     @pytest.fixture\n-    def qtfont_class(self):\n-        return configtypes.QtFont\n+    def font_class(self):\n+        return configtypes.Font\n \n     @pytest.mark.parametrize(\'val, desc\', sorted(TESTS.items()))\n     def test_to_py_valid(self, klass, val, desc):\n-        if klass is configtypes.Font:\n-            expected = val\n-        elif klass is configtypes.QtFont:\n-            expected = Font.fromdesc(desc)\n-        assert klass().to_py(val) == expected\n-\n-    def test_qtfont(self, qtfont_class):\n-        """"""Test QtFont\'s to_py.""""""\n-        value = Font(qtfont_class().to_py(\'10pt ""Foobar Neue"", Fubar\'))\n-\n-        if hasattr(value, \'families\'):\n-            # Added in Qt 5.13\n-            assert value.family() == \'Foobar Neue\'\n-            assert value.families() == [\'Foobar Neue\', \'Fubar\']\n-        else:\n-            assert value.family() == \'Foobar Neue, Fubar\'\n-\n-        assert value.weight() == QFont.Normal\n-        assert value.style() == QFont.StyleNormal\n-\n-        assert value.pointSize() == 10\n-\n-    def test_qtfont_float(self, qtfont_class):\n-        """"""Test QtFont\'s to_py with a float as point size.\n-\n-        We can\'t test the point size for equality as Qt seems to do some\n-        rounding as appropriate.\n-        """"""\n-        value = Font(qtfont_class().to_py(\'10.5pt Test\'))\n-        assert value.family() == \'Test\'\n-        assert value.pointSize() >= 10\n-        assert value.pointSize() <= 11\n+        assert klass().to_py(val) == val\n \n     @pytest.mark.parametrize(\'val\', [\n         pytest.param(\'green ""Foobar Neue""\', marks=font_xfail),\n@@ -1495,13 +1458,7 @@ def test_to_py_invalid(self, klass, val):\n \n     def test_defaults_replacement(self, klass, monkeypatch):\n         configtypes.FontBase.set_defaults([\'Terminus\'], \'23pt\')\n-        if klass is configtypes.Font:\n-            expected = \'23pt Terminus\'\n-        elif klass is configtypes.QtFont:\n-            desc = FontDesc(QFont.StyleNormal, QFont.Normal, 23, None,\n-                            \'Terminus\')\n-            expected = Font.fromdesc(desc)\n-        assert klass().to_py(\'23pt default_family\') == expected\n+        assert klass().to_py(\'23pt default_family\') == \'23pt Terminus\'\n \n \n class TestFontFamily:'}, {'filename': 'tests/unit/scripts/test_run_vulture.py', 'patch': '@@ -18,8 +18,6 @@\n # You should have received a copy of the GNU General Public License\n # along with qutebrowser.  If not, see <http://www.gnu.org/licenses/>.\n \n-import os\n-import pathlib\n import sys\n import textwrap\n '}]","[{'filename': 'qutebrowser/misc/consolewidget.py', 'patch': '@@ -27,7 +27,7 @@\n from PyQt5.QtWidgets import QTextEdit, QWidget, QVBoxLayout, QApplication\n from PyQt5.QtGui import QTextCursor\n \n-from qutebrowser.config import config\n+from qutebrowser.config import stylesheet\n from qutebrowser.misc import cmdhistory, miscwidgets\n from qutebrowser.utils import utils, objreg'}, {'filename': 'qutebrowser/misc/consolewidget.py', 'patch': '@@ -55,8 +55,6 @@ def __init__(self, _namespace, parent):\n             _namespace: The local namespace of the interpreter.\n         """"""\n         super().__init__(parent=parent)\n-        self._update_font()\n-        config.instance.changed.connect(self._update_font)\n         self._history = cmdhistory.History(parent=self)\n         self.returnPressed.connect(self.on_return_pressed)'}, {'filename': 'qutebrowser/misc/consolewidget.py', 'patch': '@@ -106,11 +104,6 @@ def keyPressEvent(self, e):\n         else:\n             super().keyPressEvent(e)\n \n-    @config.change_filter(\'fonts.debug_console\')\n-    def _update_font(self):\n-        """"""Set the correct font.""""""\n-        self.setFont(config.val.fonts.debug_console)\n-\n \n class ConsoleTextEdit(QTextEdit):'}, {'filename': 'qutebrowser/misc/consolewidget.py', 'patch': '@@ -120,18 +113,11 @@ def __init__(self, parent=None):\n         super().__init__(parent)\n         self.setAcceptRichText(False)\n         self.setReadOnly(True)\n-        config.instance.changed.connect(self._update_font)\n-        self._update_font()\n         self.setFocusPolicy(Qt.ClickFocus)\n \n     def __repr__(self):\n         return utils.get_repr(self)\n \n-    @config.change_filter(\'fonts.debug_console\')\n-    def _update_font(self):\n-        """"""Update font when config changed.""""""\n-        self.setFont(config.val.fonts.debug_console)\n-\n     def append_text(self, text):\n         """"""Append new text and scroll output to bottom.'}, {'filename': 'qutebrowser/misc/consolewidget.py', 'patch': '@@ -157,6 +143,12 @@ class ConsoleWidget(QWidget):\n         _interpreter: The InteractiveInterpreter to execute code with.\n     """"""\n \n+    STYLESHEET = """"""\n+        ConsoleWidget > ConsoleTextEdit, ConsoleWidget > ConsoleLineEdit {\n+            font: {{ conf.fonts.debug_console }};\n+        }\n+    """"""\n+\n     def __init__(self, parent=None):\n         super().__init__(parent)\n         if not hasattr(sys, \'ps1\'):'}, {'filename': 'qutebrowser/misc/consolewidget.py', 'patch': '@@ -182,6 +174,7 @@ def __init__(self, parent=None):\n         self._vbox.setSpacing(0)\n         self._vbox.addWidget(self._output)\n         self._vbox.addWidget(self._lineedit)\n+        stylesheet.set_register(self)\n         self.setLayout(self._vbox)\n         self._lineedit.setFocus()\n         self._interpreter = code.InteractiveInterpreter(namespace)'}]",6
